title,price
"Teselife Silicone Utensil Set, Premium Kitchenware Heat Resistant Silicone Baking Spatula Utensils for Non-Stick Pans Turner Soup Ladles Whisk Tongs 10pcs Dishwasher Safe(Black)",£23.99
"Berglander Stainless Steel Kitchen Utensil 7 Piece with 1 Stand, Slotted Tuner, Ladle, Skimmer, Serving Spoon, Pasta Server,Potato Maseher, Egg Whisk. Kitchen Tool Set. Kitchenware with Holder.",£16.99
Silicone Utensil Set Kitchen Utensils - 11pcs Cooking Utensils Set with Holder Kitchenware Turner Spatula Cooking Tong Spoon Non-Stick Heat Resistant,£17.99
"Bunny Rabbit Ceramic Plate,Dishes for Dessert Food Server Tray,Cute Cake Stand, Tableware Crafts Gift for Kitchenware Lovers,Wedding,Mother's Day Easter Day(3 Rabbit)",£26.99
FB FunkyBuys Bamboo Dish Drying Rack Bowl Plate Draining Rack Cutlery Plate Holder 2-Tier Wooden Folding Kitchenware Organiser Kitchen Drainer Rack,£14.99
Non-Stick Cooking Pans and Pots Set - 5 pcs Oven Safe Copper Cookware - Induction Hob Saucepan Pots with Lids - Kitchenware Frying Pan - by Nuovva,£39.99
"ZHZIRO Dish Drainer 2Tiers Stainless Steel Dish Drying Rack with Drip Tray, Cutting Board Holder Kitchenware Storage for Kitchen Countertop (Black)",£25.99
"Set of 4 Ceramic Vintage Pastel Measuring Cups - 11 x 15 x 7 x 11 cm - Vintage, Retro Style Kitchenware!",£14.99
Natural Acacia Wood Spoon Set - Set of 5 - Kitchen Utensils - Sustainable Wood - Wooden Spoon Set - Gift Wrapped - Non Scratch and Heat Resistant,£24.99
"Innovative Kitchenware Rack, Telescopic Sink Sponge Soap Holder With Ventilated Drain, Scalable Adjustable Sink Organizer with Dishcloth Hanger, Sink Drain Rack Basket with Thickening Drain Box-Grey",£7.99
"3-Tier Microwave Shelf, Kitchen Counter Storage Shelf Baker's Rack Utility Shelf, Multifunctional Organizer for Kitchenware, Seasoning Rack (Black)",£30.99
"Noah 70+ Piece Premium Kitchen Starter Kit with Ageon Blue Pans & Stone Grey Dinnerware - Includes Non-Stick Pots & Pans, Baking Trays, Cooking Utensils, Cutlery, Mixing Bowls & Measuring Jugs",£263.20
"Vegetable Chopper and Slicer 14 in 1 Vegetable Mandoline with Safety Gloves– Agullano Kitchenware Multifunctional Tool with Egg Separator and Cleaning Comb - Great Tool to Dice, Slice, and Julienne",£18.99
"Tasty Pots and Pans Set with Glass Lids & Tasty Cookbook, Pink Cookware Set, 6-Piece Kitchen Pan Set with Lids with Steam Vents, Ceramic Reinforced Titanium Non-Stick Coating, Dishwasher Safe",£69.99
"Non-Stick Aluminium Pot with Lid – Sturdy Shallow Dutch Oven – Casserole Pot with Ergonomic Handles – 3.9L, 28cm Oven Safe Cooking Pot – by Nuovva",£39.99
Grindstore Cut My Food Into Pieces Circular Glass Chopping Board,£19.99
"Knife Set with Block, Kitchen Knife Sets 14 Piece with Built-in Sharpener, Kitchen Knives for Chopping, Slicing, Dicing Cutting by ACOQOOS",£67.96
"FineDine Kitchen Utensils Set - 10-Piece, Stainless-Steel Cooking Utensils w/ Spoons, Whisk, Spatula, Tongs, Ladle, Masher & Cooking Utensils Holder - Kitchen Accessories, Gadgets and Tools",£19.99
"Korea Noodle Pot / Hot Shin Ramyun Aluminum Pot 6.3""(16cm)/ Traditional HOT POT by Korea Noodle Pot",£15.74
"Tefal 5 Piece, Essential, Pots and Pans Set, Non Stick, Aluminium, Black",£58.84
Non Stick Griddle Pan with Glass Lid - Die Cast Aluminium Grill Pan - Induction Hob Skillet Pan with Attachable Silicone Handles – 2.33L 28cm Wonder Pan - by Nuovva,£29.97
"NEXGADGET Premium 42 Piece Kitchen Utensils Cookware Set with Stainless Steel and Nylon Cooking Tools Including Spoon, Turners, Tongs, Whisk, Can Opener, Peeler, Scraper, Measuring Jug and Spoon",£46.99
Grindstore Vegetables Ouija Glass Rectangular Chopping Board,£18.99
"AnySharp Knife Sharpener with PowerGrip, Silver, One Size",£9.99
"Tower T847003RB Electric Salt and Pepper Mill, Stainless Steel, Soft-Touch Body, Rose Gold and Black",£19.67
nuovva Kitchen Knife Set with Rotating Stand - Sharp Stainless Steel Knives Set - 360 Degree Rotating Block,£39.99
"longzon Knife Sharpener, Professional 4 Stage Manual Sharpener for Sharpening Kitchen Knives and Scissors with Cut Protection Gloves for Chef and Home- Gray",£10.99
"JJA Kitchen Storage Canister Set of 3 Pcs, Tea, Coffee and Sugar, Glass Jar with Screw Lid, Kitchenware for Avid Tea & Coffee Drinkers (WHITE)",£15.99
2 Pack Moscow Mule Copper Mugs 500ml/16.9oz Hammered Pure Copper Cups Cocktail Copper Cups Set Handcrafted Stainless Steel Cups with 2 Straws for Cold Drinks Cocktails,£19.99
"Urban Lark Kitchen Tongs, Pack of 2-Size 9"" & 12""-Non-Slip Stainless Steel Handle-Smart Lock Clip-Heat Resistant Tongs, for Cooking, Serving, Barbecue, Buffet, Salad, Ice (Black)",£7.97
Hemoton Kitchen Utensil Holder Plastic Chopsticks Storage Caddy Stand Spoon Fork Storage Pot Case Organizer Countertop Tableware Container Yellow,£12.99
"Lantana Premium 6pc Silicone Kitchen Utensil Set for Cooking. Sleek Grey and Brushed Stainless Steel. Includes; Tongs, Serving Spoon, Slotted Spoon & Turner, Ladle, Potato Masher",£18.99
7 Pieces Set Bamboo Wooden Cooking Spoons Set Perfect for Nonstick Pots and Pans Cookware Turner Kitchen Utensils Eco-Friendly Kitchenware Cooking Spatula Utensil,£13.95
"Comfify Wide Mouth Mason Jar Utensil Holder Decorative Kitchenware Organizer Crock, Chip Resistant Ceramic - Perfect Cookware Gift - Green, Large Size",£14.99
Spirit of Equinox Witches Broth Cauldron Soup Bowl,£10.99
Ninja Foodi Zerostick Saucepan 20 cm Hard Anodised Aluminium Non-Stick Coating Induction Compatible Dishwasher Safe,£59.99
"Generic Pumpkin Casserole Dish Bowl with Lid, Ceramic Soup Container Plate Heat- Resistant Vessel Halloween Thanksgiving Dish, Volume 450ml, Orange, (Z93DLP53703YM16R)",£15.99
Kitchen Utensil Set Cooking Silicone Utensil Set with Holder Heat Resistant Cooking Tools Turner for Baking Non-Scratch Non-stick BPA-Free Cooking Accessories Gadgets Tools Grey (12 Pcs),£26.99
"DecentGadget® Glass Teapot with Infuser Pumpkin Design High Heat Resistant Borosilicate Glass Teapot with Strainer and Lid for Loose Tea, Leaf Tea, Blooming Flowering Tea Pot (600ml Pumpkin Teapot)",£13.99
"Circulon Infinite Induction Hob Pan Set - 6 Piece Non Stick Pots and Pans Set with Stainless Steel Lids & Handles, Premium Dishwasher Safe Cookware, Black",£248.99
"MasterClass Smart Space Stacking Non-Stick Bakeware Set, 7 Piece Baking Trays, Gift Boxed",£41.25
"Pyrex Glass Measuring Jug, 1L, Transparent",£5.50
nuovva Copper Frying Pan Non-Stick Coated Stainless-Steel Induction Anti Scratch Pot for Cooking Frying On All Hobs with Wooden Handle Pfoa Free Dishwasher Safe Small Size 20cm,£12.99
"Tower Cerastone T81276 Forged 5 Piece Pan Set with Non-Stick Coating and Soft Touch Handles, 18/20/22 cm Saucepans and 20/28 cm Frying Pans, Graphite",£52.33
"10 Pcs Kitchen Utensil Set, Silicone Utensils Set Heat Resistant, Non-Toxic Non Stick Kitchenware Home Cooking Baking Tools Include Pasta Spoon,Slotted Spoon,Tongs,ladle,Turner,basting",£15.98
"KitchenCraft Living Nostalgia LNBBINGRY Bread Bin, Grey, 34 x 21.5 x 25 cm",£34.74
Cooksmart Bumble Bees Tea Coffee Sugar Canisters,£37.91
"Deiss PRO 5-Piece Nylon Kitchen Utensils Set — Soup Ladle, Slotted Turner, Spaghetti Server, Serving Spoon, Slotted Spoon — Safe for Non-Stick Cookware - Rubber Handles - Heat-Resistant Utensil Set",£15.38
